Aaron Ekblad;D
Aatu Raty;C
Adam Beckman;L
Adam Boqvist;D
Adam Brooks;C
Adam Edstrom;C
Adam Fantilli;C
Adam Fox;D
Adam Gaudette;C
Adam Ginning;D
Adam Henrique;C
Adam Klapka;R
Adam Larsson;D
Adam Lowry;C
Adam Pelech;D
Adam Raska;R
Adam Ruzicka;C
Adam Sykora;L
Adam Wilsby;D
Adin Hill;G
Adrian Kempe;R
Aidan Fulp;D
Aidan McDonough;L
A.J. Greer;L
Akil Thomas;C
Akira Schmid;G
Akito Hirose;D
Aku Raty;R
Albert Johansson;D
Alec Martinez;D
Alec Regula;D
Aleksander Barkov;C
Aleksandr Kisakov;L
Ales Stezka;G
Alexandar Georgiev;G
Alexander Alexeyev;D
Alexander Barabanov;L
Alexander Holtz;R
Alexander Petrovic;D
Alexander Romanov;D
Alexander Suzdalev;L
Alexander True;C
Alexandre Carrier;D
Alexandre Doucet;L
Alexandre Texier;C
Alex Barré-Boulet;C
Alex Beaucage;R
Alex Belzile;R
Alex DeBrincat;R
Alexey Toropchenko;R
Alex Goligoski;D
Alex Iafallo;L
Alexis Gendron;R
Alexis Lafrenière;L
Alex Kerfoot;C
Alex Killorn;C
Alex Laferriere;R
Alex Limoges;C
Alex Lyon;G
Alex Nedeljkovic;G
Alex Newhook;C
Alex Nylander;L
Alex Ovechkin;L
Alex Pietrangelo;D
Alex Stalock;G
Alex Steeves;C
Alex Tuch;R
Alex Turcotte;C
Alex Vlasic;D
Alex Wennberg;C
Aliaksei Protas;C
Amadeus Lombardi;C
Anders Lee;L
Andreas Athanasiou;C
Andreas Englund;D
Andreas Johnsson;L
Andre Burakovsky;L
Andre Heim;C
Andrei Kuzmenko;L
Andrei Svechnikov;R
Andrei Vasilevskiy;G
Andre Lee;L
Andrew Agozzino;L
Andrew Cogliano;C
Andrew Copp;C
Andrew Cristall;L
Andrew Mangiapane;L
Andrew Peeke;D
Andrew Poturalski;C
Angus Crookshank;L
Anson Thornton;G
Anthony Angello;C
Anthony Beauvillier;L
Anthony Cirelli;C
Anthony Duclair;L
Anthony Mantha;R
Anthony Richard;C
Anthony Stolarz;G
Anton Blidh;L
Anton Forsberg;G
Antonio Stranges;L
Anton Lundell;C
Anton Malmstrom;D
Antti Raanta;G
Antti Saarela;C
Antti Tuomisto;D
Anttoni Honka;D
Anze Kopitar;C
Arber Xhekaj;D
Arnaud Durandeau;L
Arshdeep Bains;L
Artem Grushnikov;D
Artem Guryev;D
Artemi Kniazev;D
Artemi Panarin;L
Artem Zub;D
Arthur Kaliyev;R
Artturi Lehkonen;L
Arturs Silovs;G
Arvid Holm;G
Arvid Soderblom;G
Ashton Sautner;D
Austin Czarnik;C
Auston Matthews;C
Axel Jonsson-Fjallby;L
Barclay Goodrow;C
Barrett Hayton;C
Beck Malenstyn;L
Ben Chiarot;D
Ben Gleason;D
Ben Harpur;D
Ben Hutton;D
Ben Jones;C
Ben McCartney;L
Ben Meyers;C
Bennett MacArthur;L
Benoit-Olivier Groulx;C
Billy Sweezey;D
Blake Coleman;C
Blake Lizotte;C
Blake McLaughlin;L
Blake Murray;C
Blake Wheeler;R
Bobby Brink;R
Bobby McMann;C
Bobby Trivigno;L
Bogdan Trineyev;R
Bo Horvat;C
Bokondji Imama;L
Boone Jenner;C
Boris Katchouk;L
Bowen Byram;D
Braden Schneider;D
Brad Hunt;D
Brad Lambert;C
Brad Malone;C
Brad Marchand;L
Brady Keeper;D
Brady Lyle;D
Brady Skjei;D
Brady Tkachuk;L
Braeden Kressler;C
Brandon Biro;L
Brandon Bussi;G
Brandon Carlo;D
Brandon Coe;R
Brandon Duhaime;R
Brandon Hagel;L
Brandon Montour;D
Brandon Saad;L
Brandon Scanlin;D
Brandon Tanev;L
Brandt Clarke;D
Brayden McNabb;D
Brayden Pachal;D
Brayden Point;C
Brayden Schenn;C
Brayden Tracey;L
Brendan Brisson;C
Brendan Gallagher;R
Brendan Gaunce;C
Brendan Lemieux;L
Brendan Smith;D
Brenden Dillon;D
Brennan Othmann;L
Brent Burns;D
Brett Berard;L
Brett Harrison;C
Brett Howden;C
Brett Kulak;D
Brett Leason;R
Brett Murray;L
Brett Pesce;D
Brett Seney;L
Brian Dumoulin;D
Brian Halonen;L
Brian Pinho;C
Brock Boeser;R
Brock Faber;D
Brock McGinn;L
Brock Nelson;C
Brogan Rafferty;D
Bryan Rust;R
Bryce McConnell-Barker;C
Byron Froese;C
Caedan Bankier;C
Cal Clutterbuck;R
Caleb Jones;D
Cale Fleury;D
Cale Makar;D
Cal Foote;D
Callahan Burke;C
Calle Clang;G
Calle Jarnkrok;C
Calle Odelius;D
Calle Rosen;D
Calle Sjalin;D
Cal Petersen;G
Calvin de Haan;D
Calvin Pickard;G
Cam Atkinson;R
Cam Dineen;D
Cameron Butler;R
Cameron Crotty;D
Cameron Hughes;C
Cam Fowler;D
Cam Talbot;G
Cam York;D
Carl Berglund;C
Carl Grundstrom;R
Carson Lambos;D
Carson Meyer;R
Carson Soucy;D
Carter Hart;G
Carter Mazur;L
Carter Savoie;L
Carter Verhaeghe;C
Casey Cizikas;C
Casey DeSmith;G
Casey Fitzgerald;D
Casey Mittelstadt;C
Cayden Primeau;G
Chad Ruhwedel;D
Chandler Stephenson;C
Charlie Coyle;C
Charlie Lindgren;G
Charlie McAvoy;D
Chase De Leo;L
Chase Priskie;D
Chase Stillman;R
Chase Wheatcroft;C
Chaz Lucius;C
Chris Driedger;G
Chris Kreider;L
Chris Tanev;D
Christian Dvorak;C
Christian Fischer;R
Christian Kyrou;D
Christian Wolanin;D
Chris Tierney;C
Christoffer Sedoff;D
Chris Wagner;R
Chris Wideman;D
Clark Bishop;C
Claude Giroux;R
Clay Stevenson;G
Clayton Keller;R
Cody Ceci;D
Cody Glass;C
Cole Caufield;R
Cole Guttman;C
Cole Koepke;L
Cole Krygier;D
Cole McWard;D
Cole Perfetti;C
Cole Reinhardt;L
Cole Schwindt;R
Cole Sillinger;C
Cole Smith;L
Colin Blackwell;C
Colin Miller;D
Collin Delia;G
Colten Ellis;G
Colton Dach;C
Colton Parayko;D
Colton Poolman;D
Colton Sissons;C
Colton White;D
Connor Bedard;C
Connor Brown;R
Connor Carrick;D
Connor Clifton;D
Connor Dewar;C
Connor Hellebuyck;G
Connor Ingram;G
Connor Mackey;D
Connor McDavid;C
Connor McMichael;C
Connor Murphy;D
Connor Zary;C
Conor Garland;R
Conor Geekie;C
Conor Sheary;L
Conor Timmins;D
Cooper Marody;C
Corey Andonovski;R
Corey Perry;R
Corey Schueneman;D
Corson Ceulemans;D
Craig Smith;C
Cross Hanas;L
Curtis Douglas;C
Curtis Hall;C
Curtis Lazar;C
Daemon Hunt;D
Dakota Joshua;C
Dakota Mermis;D
Damon Severson;D
Daniel Sprong;R
Daniel Torgersson;L
Daniil Chayka;D
Daniil Miromanov;D
Daniil Misyul;D
Daniil Tarasov;G
Danila Klimovich;R
Danil Gushchin;L
Danil Zhilkin;C
Dan Renouf;D
Dante Fabbro;D
Dan Vladar;G
Darcy Kuemper;G
Darnell Nurse;D
Darren Raddysh;D
David Goyette;C
David Gustafsson;C
David Gust;R
David Jiricek;D
David Kampf;C
David Pastrnak;R
David Perron;L
David Reinbacher;D
David Rittich;G
David Savard;D
David Spacek;D
Dawson Mercer;C
Daylan Kuefler;L
Declan Carlile;D
Denis Gurianov;R
Dennis Cholowski;D
Dennis Gilbert;D
Dennis Hildeby;G
Denton Mateychuk;D
Derek Forbort;D
Derek Ryan;C
Derrick Pouliot;D
Devin Cooley;G
Devin Shore;C
Devon Levi;G
Devon Toews;D
Dillon Dube;C
Dillon Hamaliuk;L
Dillon Heatherington;D
Dmitri Voronkov;L
Dmitry Kulikov;D
Dmitry Kuzmin;D
Dmitry Orlov;D
Dmitry Ovchinnikov;C
Domenic DiVincentiis;G
Domenick Fensore;D
Dominic Toninato;C
Dominik Kubalik;L
Donovan Sebrango;D
Dougie Hamilton;D
Drake Batherson;R
Drake Caggiula;L
Drew Commesso;G
Drew Doughty;D
Drew Helleson;D
Drew O'Connor;L
Dryden Hunt;L
Dustin Tokarski;G
Dustin Wolf;G
Dylan Coghlan;D
Dylan Cozens;C
Dylan DeMelo;D
Dylan Gambrell;C
Dylan Garand;G
Dylan Guenther;R
Dylan Holloway;L
Dylan Larkin;C
Dylan McIlrath;D
Dylan Samberg;D
Dylan Strome;C
Dysin Mayo;D
Easton Cowan;R
Eduard Sale;L
Eeli Tolvanen;R
Eemil Viro;D
Eetu Liukas;L
Eetu Luostarinen;C
Eetu Makiniemi;G
Egor Afanasyev;L
Egor Zamula;D
Elias Lindholm;C
Elias Pettersson;C
Elias Salomonsson;D
Elliot Desnoyers;L
Elmer Soderblom;L
Elvis Merzlikins;G
Emil Andrae;D
Emil Bemstrom;R
Emil Heineman;L
Emil Martinsen Lilleberg;D
Eric Comrie;G
Eric Robinson;L
Erik Brannstrom;D
Erik Cernak;D
Erik Gudbranson;D
Erik Gustafsson;D
Erik Haula;L
Erik Johnson;D
Erik Kallgren;G
Erik Karlsson;D
Erik Portillo;G
Esa Lindell;D
Ethan Cardwell;R
Ethan Del Mastro;D
Ethan Samson;D
Ethen Frank;C
Evan Bouchard;D
Evander Kane;L
Evan Nause;D
Evan Rodrigues;C
Evgenii Dadonov;R
Evgeni Malkin;C
Evgeny Kuznetsov;C
Fabian Lysell;R
Fabian Zetterlund;L
Fedor Svechkov;C
Felix Robert;C
Felix Sandstrom;G
Filip Cederqvist;L
Filip Chytil;C
Filip Forsberg;L
Filip Gustavsson;G
Filip Hronek;D
Filip Johansson;D
Filip Mesar;R
Filip Roos;D
Filip Zadina;R
Francesco Arcuri;C
Francesco Pinelli;C
Frank Vatrano;R
Fraser Minten;C
Frederick Gaudreau;C
Frederik Andersen;G
Fredrik Karlström;C
Fredrik Olofsson;L
Gabriel Fortier;L
Gabriel Vilardi;C
Gage Alexander;G
Gage Goncalves;C
Gage Quinney;C
Gannon Laroque;D
Garin Bjorklund;G
Garnet Hathaway;R
Garrett Pilon;C
Gavin Bayreuther;D
Gavin Hayes;L
Gavin White;D
Georgii Merkulov;C
Georgi Romanov;G
Gerry Mayhew;C
Gianni Fairbrother;D
Givani Smith;R
Glenn Gawdin;C
Graeme Clarke;R
Grant Hutton;D
Greg McKegg;C
Griffin Mendel;D
Grigori Denisenko;L
Guillaume Brisebois;D
Gustav Forsling;D
Gustav Lindstrom;D
Gustav Nyquist;C
Gustav Olofsson;D
Hampus Lindholm;D
Hardy Haman Aktell;D
Hayden Hodgson;R
Haydn Fleury;D
Helge Grans;D
Hendrix Lapierre;C
Henri Jokiharju;D
Henrik Rybinski;R
Henri Nikkanen;C
Henry Thrun;D
Hudson Fasching;R
Hugh McGing;L
Hugo Alnefelt;G
Hunter Haight;C
Hunter Jones;G
Hunter McKown;C
Hunter Shepard;G
Hunter Skinner;D
Ian Cole;D
Ian Mitchell;D
Igor Shesterkin;G
Ilya Lyubushkin;D
Ilya Mikheyev;R
Ilya Nikolaev;C
Ilya Samsonov;G
Ilya Solovyov;D
Ilya Sorokin;G
Ilya Usau;C
Isaac Belliveau;D
Isaak Phillips;D
Isac Lundestrom;C
Isaiah Saville;G
Isak Rosen;R
Ivan Barbashev;C
Ivan Miroshnichenko;L
Ivan Prosvetov;G
Ivan Provorov;D
Jaccob Slavin;D
Jachym Kondelik;C
Jack Ahcan;D
Jack Campbell;G
Jack Drury;C
Jack Eichel;C
Jack Finley;C
Jack Hughes;C
Jack Johnson;D
Jack Matier;D
Jack McBain;C
Jack Quinn;R
Jack Rathbone;D
Jack Roslovic;C
Jackson LaCombe;D
Jack St. Ivany;D
Jack Studnicka;C
Jack Thompson;D
Jacob Bernard-Docker;D
Jacob Bryson;D
Jacob Larsson;D
Jacob Lucchini;C
Jacob MacDonald;D
Jacob Markstrom;G
Jacob Melanson;R
Jacob Moverare;D
Jacob Perreault;R
Jacob Peterson;C
Jacob Trouba;D
Jaden Schwartz;C
Jagger Firkus;R
Jake Allen;G
Jake Bean;D
Jake Chiasson;C
Jake Christiansen;D
Jake DeBrusk;L
Jake Evans;C
Jake Guentzel;L
Jake Leschyshyn;C
Jake Livingstone;D
Jake McCabe;D
Jake Middleton;D
Jake Muzzin;D
Jake Neighbours;L
Jake Oettinger;G
Jake Sanderson;D
Jake Walman;D
Jakob Chychrun;D
Jakob Pelletier;L
Jakob Silfverberg;R
Jakub Brabenec;C
Jakub Dobes;G
Jakub Dvorak;D
Jakub Lauko;C
Jakub Skarek;G
Jakub Vrana;L
Jakub Zboril;D
Jalen Chatfield;D
Jalen Luypen;C
James Hamblin;L
James Malatesta;L
James Reimer;G
James van Riemsdyk;L
Jamie Benn;L
Jamie Oleksiak;D
Jamieson Rees;C
Jani Hakanpää;D
Jan Mysak;C
Jan Rutta;D
Jansen Harkins;C
Jared McCann;L
Jared McIsaac;D
Jared Spurgeon;D
Jaret Anderson-Dolan;C
Jarred Tinordi;D
Jason Dickinson;C
Jason Polin;R
Jason Robertson;L
Jason Zucker;L
Jasper Weatherby;C
Jaxsen Wiebe;R
Jaxson Stauber;G
Jaycob Megna;D
Jayden Grubbe;C
Jayden Struble;D
Jaydon Dureau;L
Jayson Megna;C
Jean-Gabriel Pageau;C
Jean-Luc Foudy;C
Jeff Carter;C
Jeff Malott;L
Jeff Petry;D
Jeffrey Viel;L
Jeff Skinner;L
Jerad Rosburg;D
Jeremie Biakabutuka;D
Jeremie Poirier;D
Jeremy Davies;D
Jeremy Lauzon;D
Jeremy Swayman;G
Jesper Boqvist;C
Jesper Bratt;L
Jesper Fast;R
Jesperi Kotkaniemi;C
Jesper Vikman;G
Jesper Wallstedt;G
Jesse Ylonen;R
Jet Greaves;G
Jett Woo;D
Jimmy Schuldt;D
Jimmy Vesey;L
Jiri Kulich;C
Jiri Patera;G
Jiri Smejkal;L
J.J. Moser;D
JJ Peterka;R
Joakim Kemell;R
Joe Fleming;D
Joe Hicketts;D
Joel Armia;R
Joel Blomqvist;G
Joel Edmundson;D
Joel Eriksson Ek;C
Joel Farabee;L
Joel Hanley;D
Joel Hofer;G
Joe Pavelski;C
Joe Snively;C
Joe Veleno;C
Joey Anderson;R
Joey Daccord;G
Johnathan Kovacevic;D
John Beecher;C
John Carlson;D
John Farinacci;C
John Gibson;G
John Hayden;C
John Klingberg;D
John Leonard;L
John Lethemon;G
John Ludvig;D
John Marino;D
Johnny Gaudreau;L
John Tavares;C
Jonas Brodin;D
Jonas Johansson;G
Jonas Rondbjerg;R
Jonas Siegenthaler;D
Jonatan Berggren;R
Jonathan Drouin;L
Jonathan Gruden;C
Jonathan Huberdeau;C
Jonathan Marchessault;R
Jonathan Quick;G
Jon Merrill;D
Jonny Brodzinski;C
Jon-Randall Avon;C
Joona Koppanen;L
Joonas Korpisalo;G
Jordan Binnington;G
Jordan Dumais;R
Jordan Eberle;R
Jordan Frasca;C
Jordan Greenway;L
Jordan Gross;D
Jordan Harris;D
Jordan Kyrou;C
Jordan Martinook;L
Jordan Oesterle;D
Jordan Spence;D
Jordan Staal;C
Jorian Donovan;D
Joseph Cecconi;D
Joseph Woll;G
Josh Anderson;R
Josh Archibald;R
Josh Bloom;L
Josh Brown;D
Josh Currie;R
Josh Doan;R
Josh Dunne;C
Josh Filmon;L
Josh Jacobs;D
Josh Lopina;C
Josh Mahura;D
Josh Manson;D
Josh Morrissey;D
Josh Norris;C
Joshua Roy;R
J.T. Compher;L
J.T. Miller;C
Judd Caulfield;R
Julien Gauthier;R
Juraj Slafkovsky;L
Justin Barron;D
Justin Danforth;R
Justin Dowling;C
Justin Faulk;D
Justin Holl;D
Justin Kirkland;C
Justin Richards;C
Justin Robidas;C
Justin Schultz;D
Justin Sourdif;R
Justus Annunen;G
Juuse Saros;G
Juuso Parssinen;C
Juuso Valimaki;D
Kaapo Kahkonen;G
Kaapo Kakko;R
Kaedan Korczak;D
Kaiden Guhle;D
Kailer Yamamoto;R
Kai Schwindt;L
Kalan Lind;L
Kale Clague;D
K'Andre Miller;D
Karel Plasek;R
Karel Vejmelka;G
Karl Henriksson;C
Karson Kuhlman;C
Kasper Halttunen;R
Kasperi Kapanen;R
Keaton Middleton;D
Keean Washkurak;C
Keegan Kolesar;R
Keith Petruzzelli;G
Kenneth Appleby;G
Kent Johnson;C
Kevin Bahl;D
Kevin Connauton;D
Kevin Fiala;L
Kevin Gravel;D
Kevin Hayes;R
Kevin Korchinski;D
Kevin Labanc;R
Kevin Lankinen;G
Kevin Mandolese;G
Kevin Rooney;C
Kevin Shattenkirk;D
Kevin Stenlund;C
Kiefer Sherwood;L
Kim Nousiainen;D
Kirby Dach;C
Kirill Kaprizov;L
Kirill Kudryavtsev;D
Kirill Marchenko;R
Klim Kostin;C
Kole Lind;R
Kris Letang;D
Kristian Reichel;C
Kurtis MacDermid;D
Kyle Burroughs;D
Kyle Capobianco;D
Kyle Clifford;L
Kyle Connor;L
Kyle Criscuolo;C
Kyle Keyser;G
Kyle MacLean;C
Kyle Masters;D
Kyle McDonald;R
Kyle Okposo;R
Kyle Palmieri;C
Lane Pederson;C
Lars Eller;C
Lassi Thomson;D
Laurent Brossoit;G
Lawson Crouse;L
Layton Ahac;D
Leevi Merilainen;G
Leo Carlsson;C
Leo Loof;D
Leon Draisaitl;C
Leon Gawanke;D
Liam Foudy;C
Liam O'Brien;C
Liam Ohgren;L
Lian Bichsel;D
Lias Andersson;C
Linus Karlsson;C
Linus Ullmark;G
Linus Weissbach;L
Logan Brown;C
Logan Cooley;C
Logan Couture;C
Logan Mailloux;D
Logan Morrison;C
Logan O'Connor;R
Logan Stankoven;C
Logan Stanley;D
Logan Thompson;G
Louie Belpedio;D
Louis Crevier;D
Louis Domingue;G
Luca Del Bel Belluz;C
Lucas Carlsson;D
Lucas Ciona;L
Lucas Condotta;C
Lucas Edmonds;R
Lucas Johansen;D
Lucas Raymond;L
Ludovic Waeber;G
Lukas Cormier;D
Lukas Dostal;G
Lukas Reichel;L
Lukas Rousek;R
Lukas Svejkovsky;C
Luke Evangelista;R
Luke Glendening;C
Luke Henman;C
Luke Hughes;D
Luke Kunin;C
Luke Philp;C
Luke Prokop;D
Luke Schenn;D
Luke Toporowski;L
Mac Hollowell;D
Mackenzie Blackwood;G
MacKenzie Entwistle;R
Mackenzie MacEachern;L
MacKenzie Weegar;D
Mack Guzda;G
Mackie Samoskevich;R
Mads Sogaard;G
Magnus Chrona;G
Magnus Hellberg;G
Maksymilian Szuber;D
Malcolm Subban;G
Marc-Andre Fleury;G
Marc-Andre Gaudet;D
Marc Del Gaizo;D
Marc-Edouard Vlasic;D
Marc Johnstone;R
Marc McLaughlin;C
Marco Kasper;C
Marco Rossi;C
Marco Scandella;D
Marc Staal;D
Marcus Bjork;D
Marcus Foligno;L
Marcus Johansson;L
Marcus Kallionkieli;L
Marcus Pettersson;D
Marek Alscher;D
Marián Studenič;L
Mario Ferraro;D
Mark Friedman;D
Mark Giordano;D
Mark Jankowski;C
Mark Kastelic;C
Mark Scheifele;C
Mark Stone;R
Markus Niemelainen;D
Marshall Rifai;D
Martin Chromiak;R
Martin Fehervary;D
Martin Jones;G
Martin Necas;C
Martin Pospisil;C
Mason Appleton;C
Mason Geertsen;L
Mason Lohrei;D
Mason Marchment;L
Mason McTavish;C
Mason Millman;D
Mason Primeau;C
Matej Blumel;R
Mathew Barzal;C
Mathias Emilio Pettersen;C
Mathias Laferriere;R
Mathieu Joseph;R
Mathieu Olivier;R
Matias Maccelli;L
Mats Zuccarello;R
Matt Benning;D
Matt Boldy;L
Matt Coronato;R
Matt Duchene;C
Matt Dumba;D
Matt Grzelcyk;D
Matthew Highmore;C
Matthew Kessel;D
Matthew Knies;L
Matthew Maggio;R
Matthew Peca;C
Matthew Phillips;R
Matthew Poitras;C
Matthew Robertson;D
Matthew Seminoff;R
Matthew Tkachuk;L
Mattias Ekholm;D
Mattias Janmark;C
Mattias Norlinder;D
Mattias Samuelsson;D
Matt Irwin;D
Matt Kiersted;D
Matt Luff;R
Matt Martin;L
Matt Murray;G
Matt Nieto;L
Matt Rempe;C
Matt Roy;D
Matt Savoie;C
Matt Stienburg;C
Matt Tomkins;G
Matt Villalta;G
Matty Beniers;C
Matvey Petrov;L
Matyas Sapovaliv;C
Maveric Lamoureux;D
Mavrik Bourque;C
Max Cajkovic;R
Max Domi;C
Max Ellis;R
Maxence Guenette;D
Maxim Groshev;R
Maximus Wanner;D
Max Jones;L
Max Lajoie;D
Max McCormick;L
Max Pacioretty;L
Max Sasson;C
Maxwell Crozier;D
Michael Amadio;R
Michael Buchinger;D
Michael Bunting;L
Michael Callahan;D
Michael Carcone;L
Michael DiPietro;G
Michael Eyssimont;C
Michael Kesselring;D
Michael McCarron;R
Michael McLeod;C
Michael Milne;L
Michael Pezzetta;L
Michael Rasmussen;C
Michael Sgarbossa;C
Michael Vukojevic;D
Michal Teply;L
Mikael Backlund;C
Mikael Granlund;C
Mikael Pyyhtia;L
Mika Zibanejad;C
Mike Benning;D
Mike Hardman;L
Mike Hoffman;L
Mike Matheson;D
Mike Reilly;D
Mikey Anderson;D
Mikhail Abramov;C
Mikhail Maltsev;L
Mikhail Sergachev;D
Mikko Kokkonen;D
Mikko Rantanen;R
Milan Lucic;L
Miles Wood;L
Milos Kelemen;L
Miro Heiskanen;D
Mitchell Chaffee;R
Mitchell Gibson;G
Mitchell Marner;R
Mitchell Russell;R
Mitchell Stephens;C
Mitch Reinke;D
Montana Onyebuchi;D
Morgan Barron;C
Morgan Frost;C
Morgan Geekie;C
Morgan Rielly;D
Moritz Seider;D
Nate Clurman;D
Nate Danielson;C
Nate Schmidt;D
Nathan Bastian;R
Nathan Gaucher;C
Nathan Legare;R
Nathan MacKinnon;C
Nathan Smith;C
Nathan Staios;D
Nathan Todd;C
Nathan Walker;L
Navrin Mutter;L
Nazem Kadri;C
Neal Pionk;D
Nic Dowd;C
Nicholas Paul;L
Nicholas Robertson;L
Nick Abruzzese;C
Nick Bjugstad;C
Nick Blankenburg;D
Nick Bonino;C
Nick Caamano;R
Nick Cicek;D
Nick Cousins;C
Nick DeSimone;D
Nick Foligno;L
Nick Jensen;D
Nicklas Backstrom;C
Nick Leddy;D
Nick Perbix;D
Nick Schmaltz;C
Nick Seeler;D
Nick Suzuki;C
Nick Swaney;R
Nico Daws;G
Nico Hischier;C
Nicolas Aube-Kubel;R
Nicolas Beaudin;D
Nicolas Deslauriers;L
Nicolas Hague;D
Nicolas Roy;C
Nico Sturm;C
Nic Petan;C
Nikita Alexandrov;C
Nikita Chibrikov;R
Nikita Kucherov;R
Nikita Nesterenko;C
Nikita Novikov;D
Nikita Okhotiuk;D
Nikita Tolopilo;G
Nikita Zadorov;D
Nikita Zaitsev;D
Nikolai Knyzhov;D
Nikolaj Ehlers;L
Nikolas Brouillard;D
Nikolas Matinpalo;D
Niko Mikkola;D
Nils Aman;C
Nils Hoglander;L
Nils Lundkvist;D
Nino Niederreiter;R
Noah Cates;L
Noah Dobson;D
Noah Hanifin;D
Noah Juulsen;D
Noah Warren;D
Noel Acciari;C
Noel Gunler;R
Noel Hoefenmayer;D
Nolan Allan;D
Nolan Burke;C
Nolan Foote;L
Nolan Lalonde;G
Nolan Stevens;C
Ole Julian Bjorgvik-Holm;D
Olen Zellweger;D
Oliver Bjorkstrand;R
Oliver Bonk;D
Oliver Ekman-Larsson;D
Oliver Wahlstrom;R
Olivier Nadeau;R
Olivier Rodrigue;G
Olle Lycksell;R
Olli Maatta;D
Olof Lindbom;G
Ondrej Palat;L
Ondrej Pavel;C
Oscar Dansk;G
Oskar Back;C
Oskari Salminen;G
Oskar Lindblom;L
Oskar Olausson;R
Oskar Steen;C
Oskar Sundqvist;C
Otto Koivula;L
Owen Beck;C
Owen Pickering;D
Owen Power;D
Owen Tippett;R
Ozzy Wiesblatt;C
Parker Ford;C
Parker Kelly;L
Parker Wotherspoon;D
Pat Maroon;L
Patrick Brown;C
Patrick Giles;R
Patrik Koch;D
Patrik Laine;L
Paul Cotter;C
Paul LaDue;D
Paul Ludwinski;C
Pavel Buchnevich;L
Pavel Dorofeyev;L
Pavel Francouz;G
Pavel Mintyukov;D
Pavel Zacha;C
Pavol Regenda;L
Peetro Seppala;D
Petr Mrazek;G
Peyton Krebs;C
Pheonix Copley;G
Philip Broberg;D
Philip Kemp;D
Philippe Daoust;C
Philippe Maillet;C
Philippe Myers;D
Philipp Grubauer;G
Philipp Kurashev;C
Philip Tomasino;C
Phillip Danault;C
Phillip Di Giuseppe;L
Pierre-Edouard Bellemare;L
Pierre Engvall;L
Pierre-Luc Dubois;L
Pierre-Olivier Joseph;D
Pierrick Dube;R
Pius Suter;C
Pontus Holmberg;R
Pyotr Kochetkov;G
Quinn Hughes;D
Quinton Byfield;C
Radek Faksa;C
Radim Simek;D
Radim Zohorna;L
Radko Gudas;D
Rafael Harvey-Pinard;L
Raivis Ansons;R
Raphael Lavoie;C
Rasmus Andersson;D
Rasmus Asplund;C
Rasmus Dahlin;D
Rasmus Kupari;C
Rasmus Ristolainen;D
Rasmus Sandin;D
Reece Newkirk;C
Reese Johnson;C
Reid Schaefer;L
Reilly Smith;R
Reilly Walsh;D
Remi Poirier;G
Rem Pitlick;C
Rhett Gardner;C
Rickard Rakell;R
Ridly Greig;C
Riley Damiani;C
Riley Kidney;C
Riley Nash;C
Riley Stillman;D
Riley Sutter;R
Riley Tufte;L
Robby Fabbri;C
Robert Bortuzzo;D
Robert Hagg;D
Robert Thomas;C
Robin Salo;D
Roby Jarventie;L
Roland McKeown;D
Roman Josi;D
Roman Schmidt;D
Ronan Seeley;D
Roni Hirvonen;C
Ronnie Attard;D
Roope Hintz;C
Rory Kerins;C
Ross Colton;C
Ross Johnston;L
Rourke Chartier;C
Ruslan Iskhakov;C
Ryan Carpenter;C
Ryan Donato;C
Ryan Ellis;D
Ryan Fanti;G
Ryan Graves;D
Ryan Hartman;R
Ryan Hofer;C
Ryan Johansen;C
Ryan Johnson;D
Ryan Lindgren;D
Ryan Lomberg;L
Ryan Mast;D
Ryan McAllister;C
Ryan McDonagh;D
Ryan McGregor;C
Ryan McLeod;C
Ryan Nugent-Hopkins;C
Ryan O'Reilly;C
Ryan O'Rourke;D
Ryan Poehling;C
Ryan Pulock;D
Ryan Reaves;R
Ryan Shea;D
Ryan Strome;C
Ryan Suter;D
Ryan Suzuki;C
Ryan Tverberg;C
Ryan Winterton;C
Ryder Korczak;C
Ryder Rolston;R
Ryker Evans;D
Sam Bennett;C
Sam Carrick;C
Sam Hentges;C
Sam Lafferty;C
Sam Malinski;D
Sam Montembeault;G
Sammy Blais;L
Sammy Walker;C
Sam Poulin;R
Sam Reinhart;C
Sam Steel;C
Samuel Bolduc;D
Samuel Ersson;G
Samuel Fagemo;L
Samuel Girard;D
Samuel Helenius;C
Samuel Honzek;L
Samuel Knazko;D
Samuel Savoie;L
Samu Tuomaala;R
Santeri Hatakka;D
Santtu Kinnunen;D
Sasha Pastujov;R
Scott Laughton;C
Scott Mayfield;D
Scott Perunovich;D
Scott Reedy;C
Scott Sabourin;R
Scott Wedgewood;G
Sean Couturier;C
Sean Day;D
Sean Durzi;D
Sean Farrell;C
Sean Kuraly;C
Sean Monahan;C
Sean Walker;D
Sebastian Aho;C
Sebastian Aho;D
Sebastian Cossa;G
Semyon Varlamov;G
Sergei Bobrovsky;G
Seth Griffith;C
Seth Jarvis;C
Seth Jones;D
Shakir Mukhamadullin;D
Shane Bowers;C
Shane Wright;C
Shayne Gostisbehere;D
Shea Theodore;D
Sheldon Dries;C
Sheldon Rempal;R
Sidney Crosby;C
Simon Benoit;D
Simon Edvinsson;D
Simon Holmstrom;R
Simon Johansson;D
Simon Lundmark;D
Simon Nemec;D
Sonny Milano;L
Spencer Martin;G
Spencer Smallman;R
Spencer Stastney;D
Stanislav Svozil;D
Stefan Noesen;R
Steven Fogarty;C
Steven Kampfer;D
Steven Lorentz;C
Steven Santini;D
Steven Stamkos;C
Stuart Skinner;G
Tage Thompson;C
Talyn Boyko;G
Tanner Jeannot;L
Tanner Laczynski;C
Tanner Molendyk;D
Tanner Pearson;L
Taro Hirose;L
Taylor Fedun;D
Taylor Gauthier;G
Taylor Hall;L
Taylor Raddysh;R
Taylor Ward;R
Teddy Blueger;C
Teuvo Teravainen;L
Thatcher Demko;G
Thomas Bordeleau;C
Thomas Chabot;D
Thomas Harley;D
Tim Gettinger;L
Timo Meier;R
Timothy Liljegren;D
Tim Stützle;L
TJ Brodie;D
T.J. Oshie;R
T.J. Tynan;C
Tobias Bjornfot;D
Tomas Hamara;D
Tomas Hertl;C
Tomas Nosek;L
Tommy Novak;C
Tom Wilson;R
Tony DeAngelo;D
Topias Vilen;D
Topi Niemela;D
Torey Krug;D
Travis Barron;L
Travis Boyd;C
Travis Dermott;D
Travis Hamonic;D
Travis Konecny;R
Travis Mitchell;D
Travis Sanheim;D
Trent Frederic;C
Trent Miner;G
Trevor Carrick;D
Trevor Kuntar;C
Trevor Lewis;C
Trevor Moore;L
Trevor van Riemsdyk;D
Trey Fix-Wolansky;R
Tristan Jarry;G
Tristan Lennox;G
Tristan Luneau;D
Tristen Nielsen;C
Tristen Robins;C
Troy Grosenick;G
Troy Stecher;D
Troy Terry;R
Tucker Poolman;D
Tucker Robertson;C
Turner Elson;C
Tyce Thompson;R
Ty Dellandrea;C
Tye Kartye;L
Ty Emberson;D
Ty Glover;C
Tyler Angle;C
Tyler Bertuzzi;L
Tyler Boucher;R
Tyler Brennan;G
Tyler Johnson;C
Tyler Kleven;D
Tyler Madden;C
Tyler Motte;C
Tyler Myers;D
Tyler Pitlick;C
Tyler Seguin;C
Tyler Toffoli;R
Tyler Tucker;D
Tyler Tullio;R
Tyler Wotherspoon;D
Ty Nelson;D
Tyrel Bauer;D
Ty Smith;D
Tyson Barrie;D
Tyson Foerster;R
Tyson Hinds;D
Tyson Jost;C
Tyson Kozak;C
Ty Voit;L
Ukko-Pekka Luukkonen;G
Urho Vaakanainen;D
Uvis Balinskis;D
Vadim Zherenko;G
Valeri Nichushkin;R
Valtteri Pulli;D
Valtteri Puustinen;R
Vasily Podkolzin;R
Vasily Ponomarev;C
Victor Hedman;D
Victor Mete;D
Victor Olofsson;L
Victor Soderstrom;D
Viktor Arvidsson;R
Viktor Neuchev;L
Ville Heinola;D
Ville Husso;G
Ville Ottavainen;D
Ville Petman;C
Vince Dunn;D
Vincent Desharnais;D
Vincent Iorio;D
Vincent Trocheck;C
Vinnie Hinostroza;C
Vinni Lettieri;C
Vitek Vanecek;G
Vladimir Tarasenko;R
Vladislav Gavrikov;D
Vladislav Kolyachonok;D
Vladislav Namestnikov;C
Vsevolod Komarov;D
Vyacheslav Peksa;G
Wade Allison;R
Walker Duehr;R
Waltteri Merela;C
Warren Foegele;L
Will Borgen;D
Will Butcher;D
Will Cranley;G
Will Cuylle;L
William Bitten;C
William Carrier;L
William Dufour;R
William Eklund;L
William Karlsson;C
William Lagesson;D
William Lockwood;R
William Nylander;R
William Stromgren;L
William Trudeau;D
William Villeneuve;D
William Wallinder;D
Will Zmolek;D
Wyatt Aamodt;D
Wyatt Bongiovanni;C
Wyatt Johnston;C
Wyatt Kaiser;D
Wyatt Kalynuk;D
Wyatt Newpower;D
Xavier Bourgault;C
Xavier Ouellet;D
Xavier Simoneau;C
Yakov Trenin;C
Yaniv Perets;G
Yan Kuznetsov;D
Yanni Gourde;C
Yaroslav Askarov;G
Yegor Chinakhov;R
Yegor Sharangovich;C
Zac Dalpe;C
Zachary Bolduc;C
Zachary L'Heureux;L
Zachary Uens;D
Zach Benson;L
Zach Bogosian;D
Zach Dean;C
Zach Hyman;L
Zach Sanford;L
Zach Sawchenko;G
Zach Werenski;D
Zach Whitecloud;D
Zac Jones;D
Zack MacEwen;C
Zack Ostapchuk;C
Zane McIntyre;G
Zayde Wisdom;R
Zemgus Girgensons;L
