Nikita Kucherov;9500000;TBL
Steven Stamkos;8500000;TBL
Brayden Point;6750000;TBL
Ondrej Palat;5300000;TBL
Anthony Cirelli;4800000;TBL
Alex Killorn;4450000;TBL
Ross Colton;1125000;TBL
Corey Perry;1000000;TBL
Pierre Edouard Bellemare;1000000;TBL
Patrick Maroon;900000;TBL
Alex Barre Boulet;758333;TBL
Gemel Smith;750000;TBL
Mathieu Joseph;737500;TBL
Victor Hedman;7875000;TBL
Ryan Mcdonagh;6750000;TBL
Mikhail Sergachev;4800000;TBL
Erik Cernak;2950000;TBL
Jan Rutta;1300000;TBL
Zach Bogosian;850000;TBL
Cal Foote;850000;TBL
Andrei Vasilevskiy;9500000;TBL
Brian Elliott;900000;TBL
Brent Seabrook;6875000;TBL
Brandon Crawley;0;TBL
Maxim Cajkovic;850833;TBL
Cole Koepke;842500;TBL
Odeen Tufto;842500;TBL
Simon Ryfors;842500;TBL
Jack Finley;820000;TBL
Gage Goncalves;820000;TBL
Jimmy Huntington;809166;TBL
Gabriel Fortier;791667;TBL
Antoine Morand;778333;TBL
Taylor Raddysh;758333;TBL
Boris Katchouk;758333;TBL
Gabriel Dumont;750000;TBL
Charles Hudon;750000;TBL
Remi Elie;750000;TBL
Daniel Walcott;750000;TBL
Otto Somppi;750000;TBL
Alexey Lipanov;747500;TBL
Jack Thompson;850833;TBL
Alex Green;817500;TBL
Dmitri Semykin;813333;TBL
Andrej Sustr;750000;TBL
Fredrik Claesson;750000;TBL
Sean Day;750000;TBL
Darren Raddysh;750000;TBL
Hugo Alnefelt;850833;TBL
Amir Miftakhov;838333;TBL
Maxime Lagace;750000;TBL
Alex Ovechkin;9500000;WAS
Nicklas Backstrom;9200000;WAS
Evgeny Kuznetsov;7800000;WAS
Tj Oshie;5750000;WAS
Anthony Mantha;5700000;WAS
Tom Wilson;5166666;WAS
Lars Eller;3500000;WAS
Carl Hagelin;2750000;WAS
Garnet Hathaway;1500000;WAS
Conor Sheary;1500000;WAS
Nic Dowd;750000;WAS
Daniel Sprong;725000;WAS
Brian Pinho;725000;WAS
John Carlson;8000000;WAS
Dmitry Orlov;5100000;WAS
Justin Schultz;4000000;WAS
Nick Jensen;2500000;WAS
Michal Kempny;2500000;WAS
Trevor Van Riemsdyk1;950000;WAS
Dylan Mcilrath;750000;WAS
Matt Irwin;750000;WAS
Ilya Samsonov;2000000;WAS
Vitek Vanecek;716667;WAS
Hendrix Lapierre;894167;WAS
Connor Mcmichael;863333;WAS
Brett Leason;842500;WAS
Damien Riat;817500;WAS
Kody Clark;808333;WAS
Aliaksei Protas;789167;WAS
Riley Sutter;764167;WAS
Michael Sgarbossa;750000;WAS
Beck Malenstyn;750000;WAS
Garrett Pilon;750000;WAS
Shane Gersich;750000;WAS
Axel Jonsson Fjallby;750000;WAS
Michael Vecchione;750000;WAS
Joe Snively;750000;WAS
Alexander Alexeyev;863333;WAS
Martin Fehervary;791667;WAS
Tobias Geisser;774444;WAS
Lucas Johansen;750000;WAS
Bobby Nardella;750000;WAS
Pheonix Copley;1100000;WAS
Zachary Fucale;750000;WAS
Hunter Shepard;750000;WAS
Ryan Oreilly;7500000;STL
Vladimir Tarasenko;7500000;STL
Brayden Schenn;6500000;STL
Pavel Buchnevich;5800000;STL
Brandon Saad;4500000;STL
David Perron;4000000;STL
Jordan Kyrou;2800000;STL
Robert Thomas;2800000;STL
Oskar Sundqvist;2750000;STL
Ivan Barbashev;2250000;STL
Kyle Clifford;1000000;STL
Mackenzie Maceachern;900000;STL
Tyler Bozak;750000;STL
Justin Faulk;6500000;STL
Torey Krug;6500000;STL
Colton Parayko;5500000;STL
Marco Scandella;3275000;STL
Robert Bortuzzo;1375000;STL
Niko Mikkola;787500;STL
Jake Walman;725000;STL
Jordan Binnington;6000000;STL
Ville Husso;750000;STL
Michael Frolik;0;STL
James Neal;0;STL
Zachary Bolduc;925000;STL
Hugh Mcging;883750;STL
Jake Neighbours;866667;STL
Klim Kostin;863333;STL
Keean Washkurak;862500;STL
Tanner Dickinson;848333;STL
Nikita Alexandrov;816667;STL
Mathias Laferriere;786667;STL
Alexei Toropchenko;775000;STL
Nathan Walker;750000;STL
Matthew Peca;750000;STL
Logan Brown;750000;STL
Tanner Kaspick;750000;STL
Dakota Joshua;750000;STL
Nolan Stevens;750000;STL
Nathan Todd;750000;STL
Sam Anas;725000;STL
Scott Perunovich;925000;STL
Tyler Tucker;808333;STL
Tommy Cross;750000;STL
Steven Santini;750000;STL
Calle Rosen;750000;STL
Colten Ellis;850833;STL
Joel Hofer;795000;STL
Charlie Lindgren;750000;STL
Connor Mcdavid;12500000;EDM
Leon Draisaitl;8500000;EDM
Zach Hyman;5500000;EDM
Ryan Nugent Hopkins;5125000;EDM
Zack Kassian;3200000;EDM
Warren Foegele;2750000;EDM
Kyle Turris;1650000;EDM
Josh Archibald;1500000;EDM
Derek Ryan;1250000;EDM
Jesse Puljujarvi;1175000;EDM
Kailer Yamamoto;1175000;EDM
Devin Shore;850000;EDM
Brendan Perlini;750000;EDM
Darnell Nurse;5600000;EDM
Duncan Keith;5538462;EDM
Tyson Barrie;4500000;EDM
Cody Ceci;3250000;EDM
Kris Russell;1250000;EDM
Slater Koekkoek;925000;EDM
Evan Bouchard;863333;EDM
Mikko Koskinen;4500000;EDM
Mike Smith;2200000;EDM
Alex Stalock;785000;EDM
Oscar Klefbom;4167000;EDM
Colton Sceviour;0;EDM
Dylan Holloway;925000;EDM
Raphael Lavoie;870000;EDM
Tyler Tullio;843333;EDM
Ryan Mcleod;834167;EDM
Tim Soderlund1;825833;EDM
Ostap Safin;775000;EDM
Kirill Maksimov;775000;EDM
Tyler Benson;750000;EDM
Cooper Marody;750000;EDM
Seth Griffith;725000;EDM
Michael Kesselring;925000;EDM
Philip Broberg;863333;EDM
Dmitri Samorukov;825000;EDM
Markus Niemelainen;817500;EDM
Filip Berglund;817500;EDM
Philip Kemp;786667;EDM
William Lagesson;725000;EDM
Ilya Konovalov;842500;EDM
Olivier Rodrigue;795000;EDM
Stuart Skinner;750000;EDM
Adam Henrique;5825000;ANA
Jakob Silfverberg;5250000;ANA
Rickard Rakell;3789444;ANA
Ryan Getzlaf;3000000;ANA
Maxime Comtois;2037500;ANA
Sonny Milano;1700000;ANA
Derek Grant;1500000;ANA
Troy Terry;1450000;ANA
Max Jones;1295000;ANA
Nicolas Deslauriers;1000000;ANA
Alexander Volkov;925000;ANA
Trevor Zegras;925000;ANA
Sam Steel;874125;ANA
Isac Lundestrom;874125;ANA
Cam Fowler;6500000;ANA
Hampus Lindholm;5205556;ANA
Josh Manson;4100000;ANA
Kevin Shattenkirk;3900000;ANA
Jacob Larsson;1200000;ANA
Kodie Curran;1000000;ANA
Jamie Drysdale;925000;ANA
John Gibson;6400000;ANA
Anthony Stolarz;950000;ANA
Ryan Kesler;6875000;ANA
Tobias Rieder;0;ANA
Bryce Kindopp;925000;ANA
Mason Mctavish;925000;ANA
Jacob Perreault;894167;ANA
Sasha Pastujov;870000;ANA
Brayden Tracey;863333;ANA
Benoit Olivier Groulx;822500;ANA
Jack Badini;805000;ANA
Maxim Golod;793333;ANA
Buddy Robinson;750000;ANA
Sam Carrick;750000;ANA
Danny Oregan;750000;ANA
Vinni Lettieri;750000;ANA
Olen Zellweger;897500;ANA
Simon Benoit;809166;ANA
Brendan Guhle;800000;ANA
Hunter Drew;793333;ANA
Axel Andersson;772500;ANA
Trevor Carrick;750000;ANA
Greg Pateryn;750000;ANA
Josh Mahura;750000;ANA
Brogan Rafferty;750000;ANA
Lukas Dostal;822500;ANA
Roman Durny;807500;ANA
Olle Eriksson Ek;773889;ANA
Blake Wheeler;8250000;WPG
Kyle Connor;7142857;WPG
Mark Scheifele;6125000;WPG
Nikolaj Ehlers;6000000;WPG
Pierre Luc Dubois;5000000;WPG
Paul Stastny;3750000;WPG
Andrew Copp;3640000;WPG
Adam Lowry;3250000;WPG
Kristian Vesalainen;894167;WPG
David Gustafsson;817500;WPG
Riley Nash;750000;WPG
Dominic Toninato;750000;WPG
Jansen Harkins;725000;WPG
Joshua Morrissey;6250000;WPG
Nate Schmidt;5950000;WPG
Neal Pionk;5875000;WPG
Brenden Dillon;3900000;WPG
Dylan Demelo;3000000;WPG
Nathan Beaulieu;1250000;WPG
Logan Stanley;900000;WPG
Connor Hellebuyck;6166666;WPG
Eric Comrie;750000;WPG
Bryan Little;5291667;WPG
Cole Perfetti;894167;WPG
Jeff Malott;780000;WPG
Kristian Reichel;752500;WPG
Luke Johnson;750000;WPG
Austin Poganski;750000;WPG
Michael Eyssimont;750000;WPG
Cj Suess;725000;WPG
Dylan Samberg;925000;WPG
Ville Heinola;863333;WPG
Simon Lundmark;850833;WPG
Dmitri Kuzmin;820000;WPG
Declan Chisholm;815000;WPG
Leon Gawanke;796667;WPG
Johnny Kovacevic;750000;WPG
Nelson Nogier;725000;WPG
Arvid Holm;845833;WPG
Mikhail Berdin;750000;WPG
Elias Pettersson;7350000;VAN
Brock Boeser;5875000;VAN
Bo Horvat;5500000;VAN
Jt Miller;5250000;VAN
Conor Garland;4950000;VAN
Tanner Pearson;3250000;VAN
Jason Dickinson;2650000;VAN
Tyler Motte;1225000;VAN
Brandon Sutter;1125000;VAN
Nils Hoglander;891667;VAN
Matthew Highmore;725000;VAN
Quinn Hughes;7850000;VAN
Oliver Ekman Larsson;7260000;VAN
Tyler Myers;6000000;VAN
Travis Hamonic;3000000;VAN
Tucker Poolman;2500000;VAN
Jack Rathbone;925000;VAN
Luke Schenn;850000;VAN
Brad Hunt;800000;VAN
Olli Juolevi;750000;VAN
Thatcher Demko;5000000;VAN
Jaroslav Halak;1500000;VAN
Micheal Ferland;3500000;VAN
Alex Chiasson;0;VAN
Vasily Podkolzin;925000;VAN
Danila Klimovich;886667;VAN
Karel Plasek;846667;VAN
William Lockwood;842500;VAN
Zack Macewen;825000;VAN
Carson Focht;821667;VAN
Jonah Gadjovich;783333;VAN
Justin Dowling;750000;VAN
Phillip Di Giuseppe;750000;VAN
Nicolas Petan;750000;VAN
Justin Bailey;750000;VAN
John Stevens;750000;VAN
Sheldon Rempal;750000;VAN
Sheldon Dries;750000;VAN
Jett Woo;860833;VAN
Brady Keeper;762500;VAN
Kyle Burroughs;750000;VAN
Guillaume Brisebois;750000;VAN
Devante Stephens;750000;VAN
Madison Bowey;725000;VAN
Michael Dipietro;811667;VAN
Spencer Martin;800000;VAN
Arturs Silovs;786111;VAN
Brendan Gallagher;6500000;MTL
Jonathan Drouin;5500000;MTL
Josh Anderson;5500000;MTL
Mike Hoffman;4500000;MTL
Christian Dvorak;4450000;MTL
Tyler Toffoli;4250000;MTL
Joel Armia;3400000;MTL
Artturi Lehkonen;2300000;MTL
Cedric Paquette;950000;MTL
Mathieu Perreault;950000;MTL
Cole Caufield;880833;MTL
Nick Suzuki;863333;MTL
Jake Evans;750000;MTL
Jeff Petry;6250000;MTL
Ben Chiarot;3500000;MTL
David Savard;3500000;MTL
Joel Edmundson;3500000;MTL
Brett Kulak;1850000;MTL
Alexander Romanov;894167;MTL
Chris Wideman;750000;MTL
Sami Niku;750000;MTL
Carey Price;10500000;MTL
Jake Allen;2875000;MTL
Shea Weber;7857143;MTL
Paul Byron;3400000;MTL
Cody Goloubef;0;MTL
Jesse Ylonen;880833;MTL
Jan Mysak;850833;MTL
Cameron Hillis;838333;MTL
Rafael Harvey Pinard;825000;MTL
Arsen Khisamutdinov;795000;MTL
Joel Teasdale;763333;MTL
Jeansebastien Dea;750000;MTL
Laurent Dauphin;750000;MTL
Lukas Vejdemo;750000;MTL
Brandon Baddock;750000;MTL
Michael Pezzetta;750000;MTL
Ryan Poehling;750000;MTL
Alex Belzile;750000;MTL
Kaiden Guhle;894167;MTL
Mattias Norlinder;859167;MTL
Gianni Fairbrother;848333;MTL
Josh Brook;795000;MTL
Louis Belpedio;750000;MTL
Corey Schueneman;750000;MTL
Xavier Ouellet;737500;MTL
Cayden Primeau;880833;MTL
Michael Mcniven;750000;MTL
Auston Matthews;11640250;TOR
John Tavares;11000000;TOR
Mitchell Marner;10903000;TOR
William Nylander;6962366;TOR
Alexander Kerfoot;3500000;TOR
Nick Ritchie;2500000;TOR
Ilya Mikheyev;1645000;TOR
David Kampf;1500000;TOR
Ondrej Kase;1250000;TOR
Pierre Engvall;1250000;TOR
Michael Bunting;950000;TOR
Wayne Simmonds;900000;TOR
Jason Spezza;750000;TOR
Jake Muzzin;5625000;TOR
Morgan Rielly;5000000;TOR
Tj Brodie;5000000;TOR
Justin Holl;2000000;TOR
Travis Dermott;1500000;TOR
Rasmus Sandin;894167;TOR
Petr Mrazek;3800000;TOR
Jack Campbell;1650000;TOR
Joshua Ho Sang;0;TOR
Evan Cormier;0;TOR
Nikita Gusev;0;TOR
Rodion Amirov;925000;TOR
Pavel Gogolev;834167;TOR
Alex Steeves;834167;TOR
Pontus Holmberg;827500;TOR
Kirill Semyonov;825000;TOR
Mikhail Abramov;809444;TOR
Nicholas Robertson;796667;TOR
Semyon Der Arguchintsev;766667;TOR
Kurtis Gabriel;750000;TOR
Joey Anderson;750000;TOR
Michael Amadio;750000;TOR
Brett Seney;750000;TOR
Adam Brooks;725000;TOR
Braeden Kressler;0;TOR
Timothy Liljegren;863333;TOR
William Villeneuve;835000;TOR
Filip Kral;810000;TOR
Mac Hollowell;799766;TOR
Kristians Rubins;785000;TOR
Alex Biega;750000;TOR
Carl Dahlstrom;750000;TOR
Brennan Menell;750000;TOR
Joseph Duszak;750000;TOR
Teemu Kivihalme;725000;TOR
Ian Scott;805833;TOR
Erik Kallgren;750000;TOR
Joseph Woll;750000;TOR
Michael Hutchinson;725000;TOR
Mark Stone;9500000;VGK
Max Pacioretty;7000000;VGK
William Karlsson;5900000;VGK
Jonathan Marchessault;5000000;VGK
Reilly Smith;5000000;VGK
Evgeni Dadonov;5000000;VGK
Chandler Stephenson;2750000;VGK
Mattias Janmark;2000000;VGK
William Carrier;1400000;VGK
Nolan Patrick;1200000;VGK
Brett Howden;885000;VGK
Patrick Brown;750000;VGK
Nicolas Roy;750000;VGK
Keegan Kolesar;725000;VGK
Alex Pietrangelo;8800000;VGK
Alec Martinez;5250000;VGK
Shea Theodore;5200000;VGK
Brayden Mcnabb;2500000;VGK
Nicolas Hague;791667;VGK
Dylan Coghlan;762500;VGK
Zach Whitecloud;725000;VGK
Robin Lehner;5000000;VGK
Laurent Brossoit;2325000;VGK
Alex Tuch;4750000;VGK
Ian Mccoshen;0;VGK
Jack Dugan;925000;VGK
Pavel Dorofeyev;925000;VGK
Peyton Krebs;863333;VGK
Daniil Miromanov;842500;VGK
Mason Primeau;825000;VGK
Maxim Marushev;810000;VGK
Jonas Rondbjerg;806667;VGK
Marcus Kallionkieli;784722;VGK
Jake Leschyshyn;778333;VGK
Lucas Elvenes;776667;VGK
Benjamin Jones;760000;VGK
Paul Cotter;760000;VGK
Sven Baertschi;750000;VGK
Gage Quinney;750000;VGK
Layton Ahac;897500;VGK
Peter Diliberatore;880833;VGK
Daniil Chayka;870000;VGK
Connor Corcoran;813333;VGK
Lukas Cormier;811667;VGK
Zackary Hayes;805000;VGK
Kaedan Korczak;789167;VGK
Brayden Pachal;765000;VGK
Jake Bischoff;716667;VGK
Jiri Patera;800000;VGK
Logan Thompson;800000;VGK
Dylan Ferguson;733333;VGK
Matthew Tkachuk;7000000;CGY
Johnny Gaudreau;6750000;CGY
Sean Monahan;6375000;CGY
Mikael Backlund;5350000;CGY
Milan Lucic;5250000;CGY
Blake Coleman;4900000;CGY
Elias Lindholm;4850000;CGY
Andrew Mangiapane;2425000;CGY
Dillon Dube;2300000;CGY
Tyler Pitlick;1750000;CGY
Brett Ritchie;900000;CGY
Trevor Lewis;800000;CGY
Brad Richardson;800000;CGY
Byron Froese;725000;CGY
Noah Hanifin;4950000;CGY
Rasmus Andersson;4550000;CGY
Christopher Tanev;4500000;CGY
Nikita Zadorov;3750000;CGY
Erik Gudbranson;1950000;CGY
Juuso Valimaki;1550000;CGY
Connor Mackey;912500;CGY
Jacob Markstrom;6000000;CGY
Daniel Vladar;750000;CGY
Mathias Emilio Pettersen;903333;CGY
Connor Zary;894167;CGY
Jakob Pelletier;863333;CGY
Walker Duehr;827500;CGY
Eetu Tuulola;809167;CGY
Adam Ruzicka;801666;CGY
Martin Pospisil;796667;CGY
Dmitri Zavgorodny;780000;CGY
Justin Kirkland;750000;CGY
Matthew Phillips;750000;CGY
Glenn Gawdin;750000;CGY
Luke Philp;750000;CGY
Johannes Kinnvall;925000;CGY
Yan Kuznetsov;870000;CGY
Jeremie Poirier;843333;CGY
Ilya Solovyov;828333;CGY
Michael Stone;750000;CGY
Oliver Kylington;750000;CGY
Kevin Gravel;750000;CGY
Andy Welinski;750000;CGY
Nick Desimone;750000;CGY
Colton Poolman;750000;CGY
Dustin Wolf;813333;CGY
Tyler Parsons;771750;CGY
Adam Werner;750000;CGY
Tyler Seguin;9850000;DAL
Jamie Benn;9500000;DAL
Joe Pavelski;7000000;DAL
Alexander Radulov;6250000;DAL
Radek Faksa;3250000;DAL
Roope Hintz;3150000;DAL
Denis Gurianov;2550000;DAL
Luke Glendening;1500000;DAL
Michael Raffl;1100000;DAL
Joel Kiviranta;1050000;DAL
Blake Comeau;1000000;DAL
Jason Robertson;795000;DAL
Tanner Kero;750000;DAL
Rhett Gardner;750000;DAL
Miro Heiskanen;8450000;DAL
Esa Lindell;5800000;DAL
John Klingberg;4250000;DAL
Ryan Suter;3650000;DAL
Andrej Sekera;1500000;DAL
Jani Hakanpaa;1500000;DAL
Joel Hanley;750000;DAL
Anton Khudobin;3333333;DAL
Braden Holtby;2000000;DAL
Ben Bishop;4916666;DAL
Tye Felhaber;925000;DAL
Riley Tufte;925000;DAL
Mavrik Bourque;925000;DAL
Wyatt Johnston;925000;DAL
Ty Dellandrea;863333;DAL
Logan Stankoven;859167;DAL
Oskar Back;850833;DAL
Jacob Peterson;842500;DAL
Jordan Kawaguchi;842500;DAL
Yevgeni Oksentyuk;828333;DAL
Riley Damiani;803333;DAL
Fredrik Karlstrom;795000;DAL
Nicholas Caamano;750000;DAL
Joel Lesperance;725000;DAL
Ryan Shea;925000;DAL
Thomas Harley;863333;DAL
Dawson Barteaux;783333;DAL
Alex Petrovic;750000;DAL
Benjamin Gleason;750000;DAL
Joseph Cecconi;750000;DAL
Andreas Borgman;750000;DAL
Jerad Rosburg;750000;DAL
Jake Oettinger;925000;DAL
Adam Scheel;925000;DAL
Colton Point;750000;DAL
Sebastian Aho;8460250;CAR
Andrei Svechnikov;7750000;CAR
Jesperi Kotkaniemi;6100035;CAR
Jordan Staal;6000000;CAR
Teuvo Teravainen;5400000;CAR
Nino Niederreiter;5250000;CAR
Vincent Trocheck;4750000;CAR
Jesper Fast;2000000;CAR
Jordan Martinook;1800000;CAR
Derek Stepan;1350000;CAR
Martin Necas;863333;CAR
Josh Leivo;750000;CAR
Steven Lorentz;725000;CAR
Jaccob Slavin;5300000;CAR
Brady Skjei;5250000;CAR
Brett Pesce;4025000;CAR
Ian Cole;2900000;CAR
Ethan Bear;2000000;CAR
Anthony Deangelo;1000000;CAR
Brendan Smith;800000;CAR
Frederik Andersen;4500000;CAR
Antti Raanta;2000000;CAR
Jake Gardiner;4050000;CAR
Jack Drury;925000;CAR
Seth Jarvis;894167;CAR
Dominik Bokk;863333;CAR
Ryan Suzuki;863333;CAR
David Cotton;858750;CAR
Ville Koivunen;850833;CAR
Jamieson Rees;839167;CAR
Tuukka Tieksola;823333;CAR
Vasili Ponomarev;815000;CAR
Stelio Mattheos;809166;CAR
Blake Murray;791667;CAR
Maxim Letunov;750000;CAR
Stefan Noesen;750000;CAR
Andrew Poturalski;750000;CAR
Spencer Smallman;750000;CAR
Cj Smith;750000;CAR
Sam Miletic;750000;CAR
Aleksi Heimosalmi;850833;CAR
Ronan Seeley;823333;CAR
Joey Keane;809166;CAR
Jesper Sellgren;803333;CAR
Eric Gelinas;750000;CAR
Josh Jacobs;750000;CAR
Cavan Fitzgerald;750000;CAR
Maxime Lajoie;750000;CAR
Jalen Chatfield;750000;CAR
Eetu Makiniemi;867500;CAR
Pyotr Kochetkov;842500;CAR
Alex Lyon;750000;CAR
Beck Warm;750000;CAR
Evgeni Malkin;9500000;PIT
Sidney Crosby;8700000;PIT
Jake Guentzel;6000000;PIT
Jason Zucker;5500000;PIT
Bryan Rust;3500000;PIT
Kasperi Kapanen;3200000;PIT
Brock Mcginn;2750000;PIT
Jeff Carter;2636364;PIT
Teddy Blueger;2200000;PIT
Zach Aston Reese;1725000;PIT
Danton Heinen;1100000;PIT
Evan Rodrigues;1000000;PIT
Sam Lafferty;750000;PIT
Radim Zohorna;750000;PIT
Kris Letang;7250000;PIT
Michael Matheson;4875000;PIT
John Marino;4400000;PIT
Brian Dumoulin;4100000;PIT
Marcus Pettersson;4025175;PIT
Chad Ruhwedel;750000;PIT
Mark Friedman;725000;PIT
Tristan Jarry;3500000;PIT
Casey Desmith;1250000;PIT
Juuso Riikola;25000;PIT
Brian Boyle;0;PIT
Matt Bartkowski;0;PIT
Drew Oconnor;925000;PIT
Samuel Poulin;863333;PIT
Valtteri Puustinen;842500;PIT
Justin Almeida;809166;PIT
Jan Drozg;809166;PIT
Nathan Legare;789167;PIT
Jonathan Gruden;788333;PIT
Filip Hallander;764167;PIT
Michael Chaput;750000;PIT
Dominik Simon;750000;PIT
Kasper Bjorkqvist;750000;PIT
Jordy Bellerive;733333;PIT
Anthony Angello;725000;PIT
Juuso Riikola;1150000;PIT
Cameron Lee;925000;PIT
Pierre Olivier Joseph;863333;PIT
Joshua Maniscalco;853333;PIT
Niclas Almari;809167;PIT
Will Reilly;806250;PIT
Taylor Fedun;750000;PIT
Filip Lindberg;925000;PIT
Louis Domingue;750000;PIT
Alex Dorio;733333;PIT
Mikko Rantanen;9250000;COL
Gabriel Landeskog;7000000;COL
Nathan Mackinnon;6300000;COL
Andre Burakovsky;4900000;COL
Nazem Kadri;4500000;COL
Jt Compher;3500000;COL
Valeri Nichushkin;2500000;COL
Tyson Jost;2000000;COL
Darren Helm;1000000;COL
Alex Newhook;908333;COL
Mikhail Maltsev;809167;COL
Stefan Matteau;750000;COL
Logan Oconnor;725000;COL
Cale Makar;9000000;COL
Erik Johnson;6000000;COL
Samuel Girard;5000000;COL
Devon Toews;4100000;COL
Ryan Murray;2000000;COL
Bowen Byram;894167;COL
Kurtis Macdermid;875000;COL
Jordan Gross;750000;COL
Darcy Kuemper;3500000;COL
Pavel Francouz;2000000;COL
Artem Anisimov;0;COL
Jack Johnson;0;COL
Shane Bowers;925000;COL
Sampo Ranta;925000;COL
Oskar Olausson;925000;COL
Alex Beaucage;878333;COL
Jean Luc Foudy;878333;COL
Martin Kaut;863333;COL
Andreas Wingerli;842500;COL
Dylan Sikura;800000;COL
Nicholas Henry;798333;COL
Jayson Megna;750000;COL
Kiefer Sherwood;750000;COL
Justin Barron;925000;COL
Nathan Clurman;842500;COL
Roland Mckeown;750000;COL
Dennis Gilbert;750000;COL
Keaton Middleton;742500;COL
Jacob Macdonald;725000;COL
Justus Annunen;880833;COL
Trent Miner;828333;COL
Jonas Johansson;750000;COL
Hunter Miska;725000;COL
Clayton Keller;7150000;ARI
Phil Kessel;6800000;ARI
Loui Eriksson;6000000;ARI
Nick Schmaltz;5850000;ARI
Andrew Ladd;5500000;ARI
Dmitrij Jaskin;3200000;ARI
Antoine Roussel;3000000;ARI
Jay Beagle;3000000;ARI
Lawson Crouse;1533333;ARI
Johan Larsson;1400000;ARI
Ryan Dzingel;1100000;ARI
Christian Fischer;1000000;ARI
Liam Obrien1;750000;ARI
Travis Boyd;750000;ARI
Anton Stralman;5500000;ARI
Jakob Chychrun;4600000;ARI
Shayne Gostisbehere;4500000;ARI
Ilya Lyubushkin;1350000;ARI
Victor Soderstrom;863333;ARI
Conor Timmins;850000;ARI
Kyle Capobianco;775000;ARI
Carter Hutton;750000;ARI
Josef Korenar;750000;ARI
Alex Galchenyuk;0;ARI
Dylan Guenther;925000;ARI
Barrett Hayton;894167;ARI
Matias Maccelli;853333;ARI
Liam Kirk;813333;ARI
Ben Mccartney;813333;ARI
Ryan Mcgregor;803333;ARI
Jan Jenik;795000;ARI
Hudson Fasching;750000;ARI
Blake Speers;750000;ARI
Bokondji Imama;750000;ARI
Michael Carcone;750000;ARI
Cameron Crotty;925000;ARI
Cole Hults;925000;ARI
Janis Moser;886667;ARI
Ty Emberson;853333;ARI
Vladislav Provolnev;842500;ARI
Vladislav Kolyachonok;789167;ARI
Dysin Mayo;750000;ARI
Cam Dineen;750000;ARI
Karel Vejmelka;842500;ARI
Ivan Prosvetov;809167;ARI
David Tendeck;783333;ARI
Claude Giroux;8275000;PHI
Kevin Hayes;7142857;PHI
James Van Riemsdyk;7000000;PHI
Cam Atkinson;5875000;PHI
Travis Konecny;5500000;PHI
Sean Couturier;4333333;PHI
Scott Laughton;3000000;PHI
Oskar Lindblom;3000000;PHI
Nicolas Aube Kubel;1075000;PHI
Joel Farabee;925000;PHI
Morgan Frost;863333;PHI
Derick Brassard;825000;PHI
Nate Thompson;800000;PHI
Ivan Provorov;6750000;PHI
Ryan Ellis;6250000;PHI
Rasmus Ristolainen;5400000;PHI
Travis Sanheim;4675000;PHI
Justin Braun;1800000;PHI
Keith Yandle;900000;PHI
Samuel Morin;750000;PHI
Carter Hart;3979000;PHI
Martin Jones;2000000;PHI
Wade Allison;925000;PHI
Tanner Laczynski;925000;PHI
Jackson Cates;925000;PHI
Tyson Foerster;894167;PHI
Samu Tuomaala;892500;PHI
Jon Randall Avon;850000;PHI
Elliot Desnoyers;845833;PHI
Olle Lycksell;837500;PHI
Zayde Wisdom;820000;PHI
Gerald Mayhew;800000;PHI
Isaac Ratcliffe;780833;PHI
Matthew Strome;775000;PHI
Maksim Sushko;775000;PHI
German Rubtsov;750000;PHI
Connor Bunnaman;750000;PHI
Max Willman;750000;PHI
Ryan Fitzgerald;750000;PHI
Linus Sandin;750000;PHI
Cam York;880833;PHI
Cooper Zech;837500;PHI
Wyatte Wylie;820833;PHI
Mason Millman;818333;PHI
Linus Hogberg;815000;PHI
Yegor Zamula;756667;PHI
Adam Clendening;750000;PHI
Nick Seeler;750000;PHI
Samuel Ersson;859167;PHI
Kirill Ustimenko;825833;PHI
Felix Sandstrom;750000;PHI
Logan Couture;8000000;SJS
Evander Kane;7000000;SJS
Timo Meier;6000000;SJS
Tomas Hertl;5625000;SJS
Kevin Labanc;4725000;SJS
Nick Bonino;2050000;SJS
Rudolfs Balcers;1550000;SJS
Dylan Gambrell;1100000;SJS
Andrew Cogliano;1000000;SJS
Alexander Barabanov;1000000;SJS
John Leonard;925000;SJS
Matt Nieto;850000;SJS
Nick Merkley;750000;SJS
Noah Gregor;750000;SJS
Lane Pederson;750000;SJS
Erik Karlsson;11500000;SJS
Brent Burns;8000000;SJS
Marc Edouard Vlasic;7000000;SJS
Radim Simek;2250000;SJS
Mario Ferraro;925000;SJS
Nikolai Knyzhov;796667;SJS
James Reimer;2250000;SJS
Adin Hill;2175000;SJS
William Eklund;925000;SJS
Ozzy Wiesblatt;866667;SJS
Daniil Gushchin;850833;SJS
Adam Raska;848333;SJS
Scott Reedy;842500;SJS
Jasper Weatherby;842500;SJS
Tristen Robins;828333;SJS
Timur Ibragimov;813333;SJS
Dillon Hamaliuk;789167;SJS
Zachary Gallant;786667;SJS
Alexander Chmelevski;778333;SJS
Jacob Mcgrew;773333;SJS
Jonathan Dahlen;750000;SJS
Joachim Blichfeld;750000;SJS
Joel Kellman;750000;SJS
Jeffrey Truchon Viel;750000;SJS
Jayden Halbgewachs;725000;SJS
Brinson Pasichnuk;925000;SJS
Ryan Merkley;863333;SJS
Santeri Hatakka;850833;SJS
Artemi Kniazev;789167;SJS
Jaycob Megna;750000;SJS
Nicolas Meloche;750000;SJS
Jacob Middleton;725000;SJS
Alexei Melnichuk;925000;SJS
Zacharie Emond;786667;SJS
Zach Sawchenko;725000;SJS
Kirill Kaprizov;9000000;MIN
Mats Zuccarello;6000000;MIN
Joel Eriksson Ek;5250000;MIN
Kevin Fiala;5100000;MIN
Victor Rask;4000000;MIN
Marcus Foligno;3100000;MIN
Jordan Greenway;2100000;MIN
Ryan Hartman;1700000;MIN
Frederick Gaudreau;1200000;MIN
Nick Bjugstad;900000;MIN
Matthew Boldy;880833;MIN
Joseph Cramarossa;750000;MIN
Kyle Rau;750000;MIN
Nico Sturm;725000;MIN
Jared Spurgeon;7575000;MIN
Jonas Brodin;6000000;MIN
Matt Dumba;6000000;MIN
Alex Goligoski;5000000;MIN
Dmitry Kulikov;2250000;MIN
Jordie Benn;900000;MIN
Jon Merrill;850000;MIN
Cam Talbot;3666667;MIN
Kaapo Kahkonen;725000;MIN
Mitchell Chaffee;925000;MIN
Marco Rossi;894167;MIN
Adam Beckman;894167;MIN
Nick Swaney;842500;MIN
Will Bitten;840000;MIN
Connor Dewar;825833;MIN
Damien Giroux;818333;MIN
Alexander Khovanov;811667;MIN
Dominic Turgeon;750000;MIN
Brandon Duhaime;750000;MIN
Mason Shaw;750000;MIN
Ivan Lodnia;747500;MIN
Carson Lambos;925000;MIN
Ryan Orourke;886667;MIN
Daemon Hunt;850833;MIN
Calen Addison;795000;MIN
Fedor Gordeev;791667;MIN
Kevin Czuczman;750000;MIN
Joe Hicketts;750000;MIN
Dakota Mermis;750000;MIN
Jon Lizotte;750000;MIN
Hunter Jones;825833;MIN
Andrew Hammond;750000;MIN
Dereck Baribeau;733333;MIN
Patrice Bergeron;6875000;BOS
David Pastrnak;6666667;BOS
Brad Marchand;6125000;BOS
Taylor Hall;6000000;BOS
Charlie Coyle;5250000;BOS
Nick Foligno;3800000;BOS
Jake Debrusk;3675000;BOS
Craig Smith;3100000;BOS
Erik Haula;2375000;BOS
Tomas Nosek;1750000;BOS
Chris Wagner;1350000;BOS
Trent Frederic;1050000;BOS
Curtis Lazar;800000;BOS
Charlie Mcavoy;4900000;BOS
Brandon Carlo;4100000;BOS
Matt Grzelcyk;3687500;BOS
Derek Forbort;3000000;BOS
Mike Reilly;3000000;BOS
John Moore;2750000;BOS
Connor Clifton;1000000;BOS
Jakub Zboril;725000;BOS
Linus Ullmark;5000000;BOS
Jeremy Swayman;925000;BOS
Aaron Ness;0;BOS
Curtis Hall;925000;BOS
Fabian Lysell;925000;BOS
Jesper Froden;842500;BOS
Matt Filipe;817500;BOS
Oskar Steen;809167;BOS
Samuel Asselin;800000;BOS
Jack Studnicka;769167;BOS
Jakub Lauko1;764167;BOS
Anton Blidh;750000;BOS
Zach Senyshyn;750000;BOS
Steven Fogarty;750000;BOS
Joona Koppanen;750000;BOS
Cameron Hughes;750000;BOS
Karson Kuhlman;725000;BOS
Jack Ahcan;925000;BOS
Urho Vaakanainen;894167;BOS
Victor Berglund;818333;BOS
Brady Lyle;800000;BOS
Tyler Lewington;750000;BOS
Nick Wolff;750000;BOS
Troy Grosenick;750000;BOS
Callum Booth;750000;BOS
Kyle Keyser;733333;BOS
Jeff Skinner;9000000;BUF
Kyle Okposo;6000000;BUF
Victor Olofsson;3050000;BUF
Casey Mittelstadt;2500000;BUF
Cody Eakin;2250000;BUF
Zemgus Girgensons;2200000;BUF
Anders Bjork;1600000;BUF
Tage Thompson;1400000;BUF
Vinnie Hinostroza;1050000;BUF
Dylan Cozens;894167;BUF
Rasmus Asplund;825000;BUF
Ryan Macinnis;750000;BUF
Drake Caggiula;750000;BUF
John Hayden;750000;BUF
Rasmus Dahlin;6000000;BUF
Colin Miller;3875000;BUF
Will Butcher;2822764;BUF
Henri Jokiharju;2500000;BUF
Robert Hagg;1600000;BUF
Mark Pysyk;900000;BUF
Jacob Bryson;889166;BUF
Craig Anderson;750000;BUF
Aaron Dell;750000;BUF
Jack Eichel;10000000;BUF
Arttu Ruotsalainen;925000;BUF
Brandon Biro;925000;BUF
Jack Quinn;894167;BUF
John Jason Peterka;886667;BUF
Linus Weissbach;842500;BUF
Lukas Rousek;830000;BUF
Brett Murray;775000;BUF
Matej Pekar;764167;BUF
Sean Malone;750000;BUF
Andrew Oglevie;750000;BUF
Mattias Samuelsson;925000;BUF
Oskari Laaksonen;853333;BUF
Brandon Davidson;750000;BUF
Casey Fitzgerald;750000;BUF
Ethan Prow;750000;BUF
Jimmy Schuldt;750000;BUF
Ukko Pekka Luukkonen;778333;BUF
Dustin Tokarski;725000;BUF
Anders Lee;7000000;NYI
Mathew Barzal;7000000;NYI
Brock Nelson;6000000;NYI
Kyle Palmieri;5000000;NYI
Jean Gabriel Pageau;5000000;NYI
Josh Bailey;5000000;NYI
Anthony Beauvillier;4150000;NYI
Cal Clutterbuck;3500000;NYI
Leo Komarov;3000000;NYI
Casey Cizikas;2500000;NYI
Matt Martin;1500000;NYI
Richard Panik;1375000;NYI
Ross Johnston;1000000;NYI
Oliver Wahlstrom;894167;NYI
Zach Parise;0;NYI
Michael Dal Colle;0;NYI
Adam Pelech;5750000;NYI
Ryan Pulock;5000000;NYI
Scott Mayfield;1450000;NYI
Noah Dobson;894167;NYI
Andy Greene;750000;NYI
Sebastian Aho1;725000;NYI
Zdeno Chara;0;NYI
Semyon Varlamov;5000000;NYI
Ilya Sorokin;4000000;NYI
Cory Schneider;0;NYI
Johnny Boychuk;6000000;NYI
Thomas Hickey;1375000;NYI
Erik Gustafsson;0;NYI
Simon Holmstrom;863333;NYI
Aatu Raty;859167;NYI
Reece Newkirk;828333;NYI
Blade Jenkins;803333;NYI
Collin Adams;800000;NYI
Arnaud Durandeau;756667;NYI
Andy Andreoff;750000;NYI
Cole Bardreau;750000;NYI
Dmytro Timashov;750000;NYI
Otto Koivula;750000;NYI
Austin Czarnik;725000;NYI
Kieffer Bellows;0;NYI
Anatoly Golyshev;0;NYI
Thomas Hickey;2500000;NYI
Robin Salo;842500;NYI
Samuel Bolduc;842500;NYI
Bode Wilde;764167;NYI
Paul Ladue;750000;NYI
Mitch Vande Sompel;725000;NYI
Parker Wotherspoon;725000;NYI
Grant Hutton;725000;NYI
Jakub Skarek;764167;NYI
Ken Appleby;725000;NYI
Patrick Kane;10500000;CHI
Jonathan Toews;10500000;CHI
Alex Debrincat;6400000;CHI
Tyler Johnson;5000000;CHI
Dominik Kubalik;3700000;CHI
Dylan Strome;3000000;CHI
Brandon Hagel;1500000;CHI
Ryan Carpenter;1000000;CHI
Henrik Borgstrom;1000000;CHI
Adam Gaudette;997500;CHI
Jujhar Khaira;975000;CHI
Kirby Dach;925000;CHI
Alexander Nylander;874125;CHI
Philipp Kurashev;842500;CHI
Seth Jones;5400000;CHI
Calvin De Haan;4550000;CHI
Jake Mccabe;4000000;CHI
Connor Murphy;3850000;CHI
Riley Stillman;1350000;CHI
Wyatt Kalynuk;925000;CHI
Caleb Jones;850000;CHI
Marc Andre Fleury1;7000000;CHI
Kevin Lankinen;800000;CHI
Andrew Shaw;3900000;CHI
Brett Connolly;2375000;CHI
Brett Connolly;3500000;CHI
Cameron Morrison;925000;CHI
Lukas Reichel;925000;CHI
Matej Chalupa;925000;CHI
Mike Hardman;912500;CHI
Reese Johnson;880833;CHI
Evan Barratt;870000;CHI
Colton Dach;870000;CHI
Jakub Pour;842500;CHI
Josiah Slavin;842500;CHI
Michal Teply;820000;CHI
Andrei Altybarmakyan;817500;CHI
Mackenzie Entwistle;811667;CHI
Ian Mitchell;925000;CHI
Nolan Allan;870000;CHI
Jakub Galvas;867500;CHI
Alec Regula;866667;CHI
Nicolas Beaudin;863333;CHI
Isaak Phillips;859167;CHI
Chad Krys;853333;CHI
Collin Delia;1000000;CHI
Arvid Soderblom;883750;CHI
Malcolm Subban;850000;CHI
Jakub Voracek;8250000;CLB
Patrik Laine;7500000;CLB
Gustav Nyquist;5500000;CLB
Oliver Bjorkstrand;5400000;CLB
Max Domi;5300000;CLB
Boone Jenner;3750000;CLB
Sean Kuraly;2500000;CLB
Jack Roslovic;1838362;CLB
Alexandre Texier;1525000;CLB
Kevin Stenlund;1050000;CLB
Eric Robinson1;975000;CLB
Emil Bemstrom;925000;CLB
Yegor Chinakhov;925000;CLB
Gregory Hofmann;900000;CLB
Zachary Werenski;5000000;CLB
Vladislav Gavrikov;2800000;CLB
Jake Bean;2333333;CLB
Dean Kukan;1650000;CLB
Scott Harrington;1633333;CLB
Mikko Lehtonen2;900000;CLB
Adam Boqvist;894167;CLB
Elvis Merzlikins;4000000;CLB
Joonas Korpisalo;2800000;CLB
Nathan Gerbe;750000;CLB
Joshua Dunne;925000;CLB
Cole Sillinger;925000;CLB
Liam Foudy;894167;CLB
Tyler Angle;850833;CLB
Carson Meyer;820000;CLB
Trey Fix Wolansky;809166;CLB
Brendan Gaunce;750000;CLB
Zac Rinaldo;750000;CLB
Tyler Sikura;750000;CLB
Justin Danforth;750000;CLB
Jacob Christiansen;925000;CLB
Tim Berni;925000;CLB
Samuel Knazko;870000;CLB
Stanislav Svozil;870000;CLB
Ole Julian Bjorgvik Holm;845833;CLB
Andrew Peeke;787500;CLB
Gavin Bayreuther;750000;CLB
Gabriel Carlsson;725000;CLB
Daniil Tarasov1;925000;CLB
Jean Francois Berube;750000;CLB
Cam Johnson;750000;CLB
Artemi Panarin;11642857;NYR
Chris Kreider;6500000;NYR
Mika Zibanejad;5350000;NYR
Ryan Strome;4500000;NYR
Barclay Goodrow;3641667;NYR
Filip Chytil;2300000;NYR
Ryan Reaves;1750000;NYR
Samuel Blais;1500000;NYR
Morgan Barron;925000;NYR
Vitali Kravtsov;925000;NYR
Kaapo Kakko;925000;NYR
Alexis Lafreniere;925000;NYR
Julien Gauthier;775000;NYR
Kevin Rooney;750000;NYR
Jacob Trouba;8000000;NYR
Ryan Lindgren;3000000;NYR
Patrik Nemeth;2500000;NYR
Adam Fox;925000;NYR
Kandre Miller;925000;NYR
Nils Lundkvist;925000;NYR
Jarred Tinordi;900000;NYR
Igor Shesterkin;5666667;NYR
Alexandar Georgiev;2425000;NYR
Patrick Khodorenko;925000;NYR
Brennan Othmann;925000;NYR
Justin Richards;925000;NYR
Lauri Pajuniemi;883750;NYR
Karl Henriksson;870000;NYR
Will Cuylle;850833;NYR
Austin Rueschhoff;842500;NYR
Jacob Elmer;809166;NYR
Dryden Hunt;762500;NYR
Greg Mckegg;750000;NYR
Jonny Brodzinski;750000;NYR
Tim Gettinger;750000;NYR
Ty Ronning;750000;NYR
Anthony Greco;737500;NYR
Braden Schneider;925000;NYR
Zachary Jones;925000;NYR
Libor Hajek;874125;NYR
Hunter Skinner;850833;NYR
Tarmo Reunanen;809167;NYR
Matthew Robertson;797500;NYR
Anthony Bitetto;737500;NYR
Mason Geertsen;725000;NYR
Tyler Wall;925000;NYR
Keith Kinkaid;825000;NYR
Adam Huska;750000;NYR
Sam Reinhart;6500000;FLA
Aleksander Barkov;5900000;FLA
Jonathan Huberdeau;5900000;FLA
Patric Hornqvist;5300000;FLA
Sam Bennett;4425000;FLA
Anthony Duclair;3000000;FLA
Frank Vatrano;2533333;FLA
Noel Acciari;1666667;FLA
Carter Verhaeghe;1000000;FLA
Eetu Luostarinen;897500;FLA
Owen Tippett;863333;FLA
Mason Marchment;800000;FLA
Joe Thornton;750000;FLA
Zac Dalpe;750000;FLA
Juho Lammikko;750000;FLA
Ryan Lomberg;725000;FLA
Aaron Ekblad;7500000;FLA
Brandon Montour;3500000;FLA
Mackenzie Weegar;3250000;FLA
Markus Nutivaara;2700000;FLA
Gustav Forsling;2666667;FLA
Radko Gudas;2500000;FLA
Noah Juulsen;750000;FLA
Sergei Bobrovsky;10000000;FLA
Spencer Knight;925000;FLA
Maxim Mamin;975000;FLA
Aleksi Heponiemi;925000;FLA
Grigori Denisenko;925000;FLA
Anton Lundell;925000;FLA
Serron Noel;894167;FLA
Justin Sourdif;870000;FLA
Logan Hutsko;867500;FLA
Cole Schwindt;855833;FLA
Henry Bowlby;842500;FLA
Matt Kiersted;858750;FLA
Max Gildon;853333;FLA
John Ludvig;853333;FLA
Kevin Connauton;825000;FLA
Lucas Carlsson;750000;FLA
Chase Priskie;750000;FLA
Christopher Gibson;750000;FLA
Samuel Montembeault;750000;FLA
Matt Duchene;8000000;NAS
Ryan Johansen;8000000;NAS
Filip Forsberg;6000000;NAS
Mikael Granlund;5000000;NAS
Colton Sissons;2857143;NAS
Luke Kunin;2300000;NAS
Rocco Grimaldi;2000000;NAS
Nick Cousins;1500000;NAS
Eeli Tolvanen;1450000;NAS
Cody Glass;863333;NAS
Tanner Jeannot;800000;NAS
Matt Luff;750000;NAS
Mathieu Olivier;750000;NAS
Yakov Trenin;725000;NAS
Roman Josi;9059000;NAS
Mattias Ekholm;3750000;NAS
Philippe Myers;2550000;NAS
Dante Fabbro;2400000;NAS
Mark Borowiecki;2000000;NAS
Matthew Benning;1000000;NAS
Ben Harpur;800000;NAS
Juuse Saros;5000000;NAS
David Rittich;1250000;NAS
Patrick Harper;925000;NAS
Zachary Lheureux;925000;NAS
Rem Pitlick;917831;NAS
Philip Tomasino;863333;NAS
Juuso Parssinen;850833;NAS
Grant Mismash;842500;NAS
Luke Evangelista;820000;NAS
Thomas Novak;817500;NAS
Egor Afanasyev;789167;NAS
Michael Mccarron;750000;NAS
Anthony Richard;750000;NAS
Cole Smith;750000;NAS
David Farrance;925000;NAS
Marc Del Gaizo;850833;NAS
Luke Prokop;811667;NAS
Matt Tennyson;750000;NAS
Frederic Allard;750000;NAS
Jeremy Davies;750000;NAS
Alexandre Carrier;733333;NAS
Tomas Vomacka;810000;NAS
Devin Cooley;785000;NAS
Connor Ingram;733333;NAS
Dylan Larkin;6100000;DET
Jakub Vrana;5250000;DET
Tyler Bertuzzi;4750000;DET
Pius Suter;3250000;DET
Robby Fabbri;2950000;DET
Adam Erne;2100000;DET
Vladislav Namestnikov;2000000;DET
Michael Rasmussen;1460000;DET
Joseph Veleno;894167;DET
Filip Zadina;894167;DET
Sam Gagner;850000;DET
Carter Rowney;825000;DET
Givani Smith;750000;DET
Mitchell Stephens;737500;DET
Nick Leddy;5500000;DET
Danny Dekeyser1;5000000;DET
Filip Hronek;4400000;DET
Marc Staal;2000000;DET
Troy Stecher;1700000;DET
Jordan Oesterle;1350000;DET
Gustav Lindstrom;850000;DET
Thomas Greiss;3600000;DET
Alex Nedeljkovic;3000000;DET
Bobby Ryan;0;DET
Jonatan Berggren;925000;DET
Lucas Raymond;925000;DET
Chase Pearson;874125;DET
Taro Hirose;850000;DET
Riley Barber;800000;DET
Luke Witkowski;750000;DET
Kyle Criscuolo;750000;DET
Moritz Seider;863333;DET
Eemil Viro;850833;DET
Donovan Sebrango;850833;DET
Daniel Renouf;850000;DET
Seth Barton;832500;DET
Albert Johansson;820000;DET
Ryan Murphy;800000;DET
Wyatt Newpower;800000;DET
Jared Mcisaac;764167;DET
Brian Lashoff;750000;DET
Sebastian Cossa;925000;DET
Filip Larsson;836666;DET
Victor Brattstrom;817500;DET
Calvin Pickard;800000;DET
Kaden Fulcher;733333;DET
Drake Batherson;4975000;OTT
Colin White;4750000;OTT
Connor Brown;3600000;OTT
Chris Tierney;3500000;OTT
Zachary Sanford;2000000;OTT
Austin Watson;1500000;OTT
Nicholas Paul;1350000;OTT
Joshua Norris;925000;OTT
Tim Stutzle;925000;OTT
Shane Pinto;925000;OTT
Ridly Greig;894167;OTT
Clark Bishop;800000;OTT
Alex Formenton;747500;OTT
Brady Tkachuk;0;OTT
Thomas Chabot;8000000;OTT
Nikita Zaitsev;4500000;OTT
Artem Zub;2500000;OTT
Michael Del Zotto;2000000;OTT
Nick Holden;1700000;OTT
Joshua Brown;1200000;OTT
Victor Mete;1200000;OTT
Erik Brannstrom;863333;OTT
Matt Murray1;6250000;OTT
Anton Forsberg;900000;OTT
Tyler Ennis;0;OTT
Roby Jarventie;925000;OTT
Zach Ostapchuk;870000;OTT
Angus Crookshank;838333;OTT
Viktor Lodin;830000;OTT
Mark Kastelic;821667;OTT
Egor Sokolov;818333;OTT
Cole Reinhardt;813333;OTT
Andrew Agozzino;800000;OTT
Scott Sabourin;750000;OTT
Pontus Aberg;750000;OTT
Kole Sherwood;750000;OTT
Parker Kelly;726667;OTT
Logan Shaw;725000;OTT
Jacob Bernard Docker;925000;OTT
Lassi Thomson;863333;OTT
Maxence Guenette;813333;OTT
Jonathan Aspirot;768333;OTT
Dillon Heatherington;750000;OTT
Mads Sogaard;925000;OTT
Leevi Merilainen;838333;OTT
Kevin Mandolese;835000;OTT
Filip Gustavsson;787500;OTT
Anze Kopitar;10000000;LAK
Dustin Brown;5875000;LAK
Phillip Danault;5500000;LAK
Viktor Arvidsson;4250000;LAK
Alex Iafallo;4000000;LAK
Andreas Athanasiou;2700000;LAK
Adrian Kempe;2000000;LAK
Trevor Moore;1875000;LAK
Brendan Lemieux;1550000;LAK
Austin Wagner;1133333;LAK
Gabriel Vilardi;894167;LAK
Blake Lizotte;800000;LAK
Carl Grundstrom;725000;LAK
Drew Doughty;11000000;LAK
Alexander Edler;3500000;LAK
Olli Maatta1;3333225;LAK
Matt Roy;3150000;LAK
Sean Walker;2650000;LAK
Michael Anderson;925000;LAK
Tobias Bjornfot;894167;LAK
Christian Wolanin;750000;LAK
Jonathan Quick;5800000;LAK
Cal Petersen;858333;LAK
Tyler Madden;925000;LAK
Vladimir Tkachev;925000;LAK
Alex Turcotte;894167;LAK
Arthur Kaliyev;894167;LAK
Quinton Byfield;894167;LAK
Lias Andersson;874125;LAK
Rasmus Kupari;863333;LAK
Samuel Helenius;850833;LAK
Martin Chromiak;838333;LAK
Samuel Fagemo;795000;LAK
Akil Thomas;795000;LAK
Johan Sodergran;791667;LAK
Aidan Dudas;786667;LAK
Tj Tynan1;750000;LAK
Brayden Burke;750000;LAK
Jaret Anderson Dolan;747500;LAK
Martin Frk;725000;LAK
Brandt Clarke;925000;LAK
Helge Grans;870000;LAK
Jordan Spence;820000;LAK
Sean Durzi;809166;LAK
Markus Phillips;796667;LAK
Austin Strand;771750;LAK
Kale Clague;761250;LAK
Jacob Moverare;750000;LAK
Jacob Ingham;818333;LAK
Matt Villalta;778333;LAK
Garret Sparks;750000;LAK
Nico Hischier;7250000;NJD
Tomas Tatar;4500000;NJD
Andreas Johnsson;3400000;NJD
Miles Wood;2750000;NJD
Jesper Bratt;2750000;NJD
Pavel Zacha;2250000;NJD
Yegor Sharangovich;2000000;NJD
Janne Kuokkanen;1825000;NJD
Michael Mcleod;975000;NJD
Jesper Boqvist;925000;NJD
Jack Hughes;925000;NJD
Tyce Thompson;912500;NJD
Marian Studenic;750000;NJD
Dougie Hamilton;9000000;NJD
Pk Subban;9000000;NJD
Damon Severson;4166666;NJD
Ryan Graves;3166667;NJD
Jonas Siegenthaler;1125000;NJD
Ty Smith;863333;NJD
Christian Jaros;800000;NJD
Jonathan Bernier;4125000;NJD
Mackenzie Blackwood;2800000;NJD
Tyler Wotherspoon;0;NJD
Frederik Gauthier;0;NJD
Mark Jankowski;0;NJD
Jimmy Vesey;0;NJD
Alexander Holtz;925000;NJD
Chase Stillman;925000;NJD
Dawson Mercer;894167;NJD
Nolan Foote;863333;NJD
Graeme Clarke;850833;NJD
Aarne Talvitie;842500;NJD
Fabian Zetterlund;809167;NJD
Nathan Schnarr;786667;NJD
Brian Flynn;750000;NJD
Chase De Leo;750000;NJD
Aj Greer;750000;NJD
Joseph Gambardella;750000;NJD
Reilly Walsh;925000;NJD
Michael Vukojevic;850833;NJD
Kevin Bahl;795000;NJD
Nikita Okhotyuk;789167;NJD
Robbie Russo;750000;NJD
Colton White;750000;NJD
Jeremy Groleau;746667;NJD
Akira Schmid;850833;NJD
Nico Daws;850833;NJD
Scott Wedgewood;825000;NJD
Jordan Eberle;5500000;SEA
Jaden Schwartz;5500000;SEA
Yanni Gourde;5166666;SEA
Alexander Wennberg;4500000;SEA
Joonas Donskoi;3900000;SEA
Brandon Tanev;3500000;SEA
Jared Mccann;2940000;SEA
Calle Jarnkrok;2000000;SEA
Marcus Johansson;1500000;SEA
Mason Appleton;900000;SEA
Riley Sheahan;850000;SEA
Nathan Bastian;825000;SEA
Ryan Donato;750000;SEA
Colin Blackwell;725000;SEA
Mark Giordano;6750000;SEA
Jamie Oleksiak;4600000;SEA
Adam Larsson;4000000;SEA
Vince Dunn;4000000;SEA
Carson Soucy;2750000;SEA
Haydn Fleury;1300000;SEA
William Borgen;900000;SEA
Jeremy Lauzon;850000;SEA
Philipp Grubauer;5900000;SEA
Chris Driedger;3500000;SEA
Scott Wilson;0;SEA
Brent Gates;0;SEA
Ryan Lohin;0;SEA
Kole Lind;874125;SEA
Luke Henman;791667;SEA
Max Mccormick;750000;SEA
Carsen Twarynski;750000;SEA
Morgan Geekie;750000;SEA
Alex True;750000;SEA
Dennis Cholowski;900000;SEA
Connor Carrick;800000;SEA
Gustav Olofsson;750000;SEA
Cale Fleury;750000;SEA
Antoine Bibeau;750000;SEA
Joey Daccord;750000;SEA
